aX,aY,aZ,gX,gY,gZ
0.257,-1.113,1.204,-117.981,145.386,-79.895
0.251,-1.140,1.197,-126.465,163.147,-64.575
0.267,-1.128,1.180,-140.869,183.411,-51.575
0.278,-1.168,1.104,-158.813,203.918,-37.170
0.295,-1.262,0.945,-185.608,219.788,-13.062
0.370,-1.263,0.734,-217.224,221.191,23.560
0.465,-1.169,0.515,-230.896,201.599,65.186
0.504,-1.063,0.326,-219.849,167.969,105.225
0.470,-0.983,0.202,-198.425,131.531,139.587
0.438,-0.952,0.127,-180.847,97.778,169.617
0.396,-0.933,0.076,-167.053,69.458,199.951
0.330,-0.894,0.033,-154.663,38.513,230.286
0.295,-0.847,-0.043,-145.874,1.953,259.338
0.279,-0.738,-0.162,-137.451,-40.894,285.583
0.311,-0.560,-0.264,-118.347,-90.881,303.772
0.381,-0.368,-0.307,-87.952,-145.569,312.439
0.427,-0.178,-0.315,-65.918,-203.552,312.073
0.483,-0.018,-0.283,-63.660,-267.883,300.232
0.561,0.066,-0.147,-73.547,-336.121,280.273
0.565,0.126,0.130,-70.068,-391.724,257.385
0.499,0.220,0.459,-56.641,-420.837,236.877
0.447,0.325,0.736,-35.278,-427.246,221.924
0.278,0.479,0.969,11.475,-412.903,208.984
0.021,0.731,1.097,67.383,-375.122,190.857
-0.145,0.962,1.105,106.750,-332.886,152.283
-0.211,1.036,1.045,123.352,-304.077,89.417
-0.124,0.969,0.935,117.126,-292.297,15.625
0.059,0.789,0.833,96.985,-294.739,-50.537
0.232,0.579,0.784,72.510,-304.749,-96.741
0.377,0.433,0.784,59.937,-317.566,-124.756
0.478,0.351,0.835,65.063,-326.416,-144.165
0.535,0.307,0.968,81.604,-328.918,-160.095
0.511,0.267,1.220,110.413,-321.594,-168.213
0.388,0.255,1.518,156.189,-294.678,-160.950
0.293,0.355,1.767,208.862,-245.178,-150.940
0.243,0.490,1.956,231.995,-195.862,-166.443
0.216,0.471,2.069,212.891,-151.733,-205.627
0.262,0.346,2.125,174.011,-107.300,-246.704
0.349,0.215,2.165,132.324,-61.218,-282.593
0.392,0.043,2.224,97.046,-8.240,-307.007
0.386,-0.167,2.275,63.599,52.673,-315.674
0.407,-0.339,2.248,24.536,109.680,-312.012
0.499,-0.445,2.136,-24.536,155.762,-305.603
0.631,-0.531,1.979,-70.251,186.035,-295.959
0.744,-0.616,1.813,-97.107,200.806,-272.034
0.808,-0.691,1.657,-101.746,205.444,-229.553
0.757,-0.782,1.506,-88.257,202.393,-173.096
0.614,-0.834,1.404,-61.829,198.364,-117.432
0.486,-0.789,1.376,-43.335,196.533,-76.233
0.386,-0.714,1.365,-43.396,195.374,-50.415
0.325,-0.641,1.341,-53.223,194.031,-32.104
0.313,-0.532,1.271,-67.749,189.514,-17.090
0.317,-0.417,1.152,-80.811,179.626,-8.240
0.309,-0.368,1.016,-85.754,165.161,-3.540
0.274,-0.371,0.888,-80.627,147.217,4.395
0.216,-0.373,0.794,-68.909,127.502,15.991
0.161,-0.337,0.745,-53.162,108.826,26.611
0.120,-0.254,0.722,-37.415,91.492,31.372
0.070,-0.186,0.706,-25.208,75.256,28.381
0.007,-0.169,0.701,-19.104,62.073,20.813
-0.046,-0.179,0.697,-23.315,52.429,14.038
-0.067,-0.186,0.681,-30.579,43.640,10.010
-0.068,-0.183,0.659,-34.180,33.386,7.751
-0.072,-0.188,0.635,-33.813,22.461,7.019
-0.078,-0.195,0.612,-30.762,10.925,7.874
-0.082,-0.200,0.600,-25.574,-0.549,9.705
-0.092,-0.203,0.612,-19.653,-10.437,11.475
-0.114,-0.203,0.649,-13.794,-17.212,13.000
-0.140,-0.206,0.697,-9.460,-21.179,14.404
-0.151,-0.203,0.742,-5.981,-23.132,15.869
-0.165,-0.194,0.787,-3.357,-23.621,15.686
-0.182,-0.183,0.831,-3.052,-22.766,14.099
-0.189,-0.175,0.865,-3.540,-20.325,11.902
-0.195,-0.176,0.883,-3.601,-16.968,10.437
-0.196,-0.181,0.888,-2.441,-13.977,10.559
-0.194,-0.187,0.885,0.000,-11.780,11.414
-0.194,-0.187,0.885,3.296,-10.315,12.207
-0.192,-0.174,0.897,7.690,-8.972,11.963
-0.193,-0.162,0.911,11.108,-8.484,11.169
-0.199,-0.159,0.927,13.733,-8.118,10.193
-0.205,-0.167,0.946,13.306,-6.897,8.728
-0.209,-0.178,0.963,10.742,-5.371,7.874
-0.203,-0.175,0.974,7.141,-3.906,7.324
-0.196,-0.170,0.975,3.357,-3.601,6.348
-0.191,-0.170,0.972,0.061,-3.784,5.127
-0.183,-0.172,0.965,-1.526,-4.028,4.150
-0.181,-0.173,0.961,0.854,-4.883,3.845
-0.181,-0.176,0.965,4.028,-6.287,4.272
-0.182,-0.181,0.973,6.042,-7.324,4.944
-0.184,-0.181,0.985,6.531,-7.263,4.700
-0.187,-0.182,0.998,5.188,-6.165,3.601
-0.190,-0.177,1.005,2.625,-4.333,2.380
-0.192,-0.168,0.998,0.061,-3.052,0.671
-0.190,-0.170,0.992,0.732,-2.197,-0.854
-0.185,-0.178,0.995,3.479,-1.221,-1.099
-0.178,-0.186,0.997,5.493,-0.488,-0.244
-0.173,-0.193,0.995,7.385,-0.610,0.549
-0.173,-0.202,0.995,7.751,-1.282,0.732
-0.178,-0.214,0.995,5.920,-1.709,0.793
-0.178,-0.217,0.995,3.479,-2.075,1.160
-0.173,-0.213,0.997,0.977,-2.808,1.160
-0.171,-0.208,0.998,-1.160,-3.052,0.732
-0.169,-0.203,1.001,-2.502,-2.930,0.244
-0.170,-0.201,1.003,-2.258,-2.197,-0.488
-0.175,-0.206,1.000,-2.197,-0.977,-1.160
-0.176,-0.215,0.993,-2.197,0.305,-1.343
-0.173,-0.221,0.981,-1.953,1.221,-1.099
-0.166,-0.219,0.972,-0.732,1.160,-0.244
-0.162,-0.215,0.971,1.282,0.366,0.977
-0.167,-0.212,0.978,2.136,0.244,1.343
-0.173,-0.209,0.984,0.610,0.916,0.549
-0.171,-0.211,0.981,-1.648,1.404,-0.122
-0.167,-0.215,0.970,-2.686,1.587,-0.061
-0.160,-0.213,0.956,-1.831,1.282,0.488
-0.155,-0.214,0.948,1.038,0.366,0.916
-0.153,-0.222,0.949,3.784,-0.366,1.709
-0.150,-0.222,0.953,4.578,-0.732,2.625
-0.153,-0.219,0.955,3.906,-1.221,2.930
-0.156,-0.214,0.954,2.808,-1.587,2.808

0.581,-0.312,1.927,136.658,55.847,-332.458
0.587,-0.362,1.963,85.754,90.942,-335.876
0.607,-0.421,1.941,24.414,126.892,-336.182
0.667,-0.468,1.860,-28.259,158.264,-329.224
0.723,-0.498,1.713,-60.120,179.871,-310.913
0.720,-0.535,1.573,-69.214,197.388,-282.349
0.675,-0.584,1.505,-61.401,210.937,-244.873
0.614,-0.646,1.476,-42.908,224.121,-203.186
0.529,-0.673,1.477,-20.508,237.976,-162.903
0.487,-0.590,1.469,-15.198,248.840,-128.967
0.487,-0.499,1.386,-26.489,248.596,-106.262
0.467,-0.479,1.258,-34.119,238.037,-89.294
0.434,-0.493,1.121,-36.377,218.750,-71.350
0.354,-0.548,1.009,-36.011,198.181,-49.683
0.260,-0.589,0.963,-32.654,184.326,-27.100
0.191,-0.591,0.962,-30.701,173.584,-5.615
0.122,-0.594,0.970,-31.616,165.527,15.747
0.070,-0.597,0.949,-38.452,159.790,38.208
0.069,-0.547,0.908,-46.692,152.466,61.890
0.072,-0.453,0.868,-53.650,143.188,81.360
0.050,-0.348,0.833,-51.636,130.798,92.529
0.023,-0.217,0.800,-45.227,114.075,94.116
-0.025,-0.122,0.771,-34.485,93.750,88.684
-0.101,-0.104,0.764,-24.536,74.951,79.224
-0.172,-0.131,0.767,-23.926,61.951,70.190
-0.217,-0.178,0.776,-35.034,54.016,64.453
-0.241,-0.227,0.790,-52.795,50.232,63.538
-0.246,-0.249,0.790,-72.876,48.950,66.406
-0.237,-0.240,0.760,-89.111,46.204,70.801
-0.228,-0.217,0.715,-92.041,41.199,75.378
-0.234,-0.187,0.670,-81.787,34.363,79.956
-0.252,-0.153,0.627,-64.758,25.452,84.778
-0.267,-0.131,0.591,-45.166,14.893,88.867
-0.281,-0.113,0.571,-25.513,2.808,91.736
-0.300,-0.084,0.575,-6.653,-8.118,92.468
-0.320,-0.036,0.606,9.277,-17.090,89.600
-0.339,0.027,0.651,18.921,-24.597,82.520
-0.367,0.089,0.691,22.888,-29.846,70.435
-0.405,0.138,0.728,21.301,-32.288,54.321
-0.424,0.155,0.755,13.611,-33.813,36.804
-0.413,0.155,0.759,6.775,-36.194,20.752
-0.402,0.159,0.746,2.930,-40.955,6.836
-0.393,0.140,0.740,1.770,-48.157,-6.470
-0.381,0.098,0.742,1.465,-56.091,-18.250
-0.375,0.042,0.758,2.258,-62.927,-27.222
-0.374,-0.022,0.811,4.089,-65.857,-31.555
-0.377,-0.069,0.886,3.479,-62.805,-30.090
-0.387,-0.087,0.953,1.526,-55.603,-24.597
-0.400,-0.089,0.997,-1.526,-46.387,-19.043
-0.396,-0.080,1.012,-5.432,-36.682,-15.320
-0.380,-0.068,1.002,-5.188,-28.625,-14.343
-0.364,-0.064,0.988,1.160,-22.705,-14.771
-0.343,-0.067,0.996,9.521,-18.188,-14.282
-0.330,-0.088,1.023,8.667,-14.038,-10.376
-0.346,-0.107,1.021,6.775,-9.583,-6.531
-0.359,-0.109,1.011,7.568,-5.127,-6.348
-0.350,-0.117,1.013,1.343,-1.709,-9.094
-0.345,-0.151,0.975,-4.700,0.122,-11.292
-0.338,-0.193,0.933,-1.099,0.061,-10.132
-0.325,-0.197,0.938,4.028,-1.343,-6.531
-0.309,-0.173,0.965,0.854,-2.869,-2.380
-0.300,-0.169,0.965,1.343,-2.869,0.610
-0.301,-0.171,0.956,3.906,-3.113,2.991
-0.300,-0.161,0.962,3.540,-4.456,5.188
-0.300,-0.147,0.963,2.075,-6.653,7.202
-0.314,-0.136,0.967,4.456,-8.240,6.958
-0.325,-0.131,0.982,5.249,-8.728,5.066
-0.330,-0.128,1.000,3.174,-7.690,2.563
-0.330,-0.124,1.014,-0.549,-5.554,0.122
-0.329,-0.119,1.017,-6.897,-3.357,-2.014
-0.324,-0.118,1.008,-13.184,-1.160,-4.150
-0.314,-0.119,0.994,-16.174,0.183,-6.104
-0.307,-0.126,0.976,-16.357,0.916,-8.057
-0.307,-0.149,0.959,-14.343,0.977,-8.789
-0.299,-0.169,0.944,-10.742,0.732,-7.263
-0.292,-0.175,0.933,-6.531,0.061,-5.066
-0.292,-0.176,0.931,-2.136,-0.488,-3.235
-0.296,-0.175,0.930,-0.061,-0.977,-2.014
-0.300,-0.166,0.927,0.488,-1.282,-1.099
-0.299,-0.158,0.928,1.099,-1.648,-1.526
-0.295,-0.163,0.935,1.892,-2.319,-1.648
-0.292,-0.168,0.942,2.869,-2.625,-0.793
-0.293,-0.168,0.947,2.991,-2.563,-0.366
-0.289,-0.164,0.952,2.319,-2.625,-0.732
-0.283,-0.156,0.949,1.953,-2.686,-1.770
-0.285,-0.158,0.941,1.282,-3.479,-2.991
-0.287,-0.165,0.933,1.038,-4.272,-4.028
-0.283,-0.172,0.926,0.549,-5.249,-4.150
-0.277,-0.183,0.925,0.610,-6.592,-3.479
-0.271,-0.189,0.930,1.099,-7.629,-2.197
-0.271,-0.188,0.941,0.793,-8.118,-0.549
-0.279,-0.176,0.952,0.732,-7.263,0.488
-0.286,-0.161,0.956,-0.122,-6.042,0.183
-0.287,-0.156,0.954,-0.793,-4.944,-0.549
-0.284,-0.158,0.951,-0.671,-4.272,-1.160
-0.280,-0.165,0.951,0.244,-4.272,-1.038
-0.277,-0.167,0.955,0.488,-4.333,-0.427
-0.277,-0.165,0.958,-0.916,-4.333,0.122
-0.276,-0.157,0.958,-2.014,-4.578,0.366
-0.280,-0.149,0.964,-0.977,-4.395,-0.671
-0.285,-0.146,0.972,-0.183,-3.235,-1.709
-0.282,-0.149,0.973,-0.244,-2.014,-1.953
-0.278,-0.151,0.969,-0.549,-1.160,-1.648
-0.277,-0.146,0.963,-0.610,-0.916,-1.831
-0.275,-0.143,0.960,0.000,-1.343,-2.075
-0.278,-0.145,0.959,1.038,-1.953,-1.831
-0.284,-0.152,0.961,1.587,-2.563,-1.343
-0.283,-0.157,0.967,1.465,-2.930,-0.549
-0.277,-0.156,0.973,0.671,-2.991,0.000
-0.276,-0.153,0.976,-0.183,-2.991,-0.366
-0.278,-0.154,0.977,-0.793,-2.747,-0.671
-0.280,-0.153,0.977,-1.221,-2.258,-0.977
-0.279,-0.153,0.974,-1.465,-1.831,-1.282
-0.275,-0.150,0.972,-1.221,-1.587,-1.404
-0.273,-0.143,0.971,-0.305,-1.282,-2.014
-0.276,-0.143,0.972,0.366,-0.549,-3.479
-0.277,-0.155,0.970,0.183,0.549,-4.761
-0.275,-0.168,0.963,-0.366,1.343,-4.578
-0.273,-0.175,0.955,-0.549,1.343,-3.662

-0.329,1.215,1.772,283.936,-327.026,56.763
-0.337,1.260,1.798,266.113,-273.071,-24.658
-0.202,1.149,1.730,206.726,-230.774,-112.854
-0.058,0.878,1.590,162.903,-194.214,-184.692
0.104,0.599,1.456,154.602,-155.396,-228.821
0.282,0.382,1.341,167.664,-120.911,-248.901
0.451,0.201,1.242,186.951,-102.905,-258.850
0.611,0.101,1.174,203.003,-101.501,-268.372
0.714,0.068,1.162,199.890,-112.000,-283.203
0.723,0.008,1.204,180.481,-123.291,-296.204
0.696,-0.085,1.274,167.908,-125.488,-293.823
0.677,-0.138,1.375,174.744,-117.676,-278.687
0.616,-0.110,1.528,185.425,-103.577,-263.977
0.546,-0.055,1.749,183.472,-80.200,-253.113
0.475,-0.054,1.956,168.762,-45.532,-242.920
0.381,-0.076,2.105,142.090,-2.014,-235.962
0.267,-0.073,2.235,99.670,46.570,-239.502
0.160,-0.097,2.318,41.443,103.455,-248.840
0.133,-0.131,2.325,-17.700,166.809,-253.540
0.238,-0.111,2.224,-71.472,224.731,-249.146
0.431,-0.081,1.986,-113.831,265.198,-235.107
0.574,-0.096,1.678,-120.850,284.851,-211.304
0.610,-0.116,1.399,-97.412,284.302,-179.810
0.542,-0.132,1.186,-63.293,270.935,-144.836
0.416,-0.160,1.035,-32.898,250.977,-112.549
0.311,-0.185,0.923,-14.832,225.647,-86.365
0.230,-0.189,0.837,-9.949,196.167,-64.697
0.145,-0.173,0.784,-16.663,166.382,-46.875
0.049,-0.161,0.766,-31.311,138.733,-32.593
-0.047,-0.124,0.775,-46.082,117.004,-21.545
-0.106,-0.041,0.782,-59.753,99.670,-15.137
-0.116,0.059,0.774,-66.650,81.543,-13.733
-0.141,0.119,0.769,-61.279,63.416,-15.686
-0.190,0.103,0.779,-46.143,49.500,-15.442
-0.227,0.055,0.808,-29.785,41.687,-10.376
-0.264,0.010,0.837,-19.714,39.246,-2.808
-0.288,-0.017,0.853,-13.794,39.917,3.418
-0.285,-0.012,0.854,-12.268,40.771,7.019
-0.281,0.016,0.836,-14.038,39.673,7.874
-0.284,0.036,0.810,-16.785,36.011,5.737
-0.283,0.046,0.783,-19.104,31.677,2.930
-0.287,0.042,0.753,-20.813,26.001,0.061
-0.292,0.010,0.731,-21.301,20.081,-1.465
-0.286,-0.016,0.714,-22.400,14.221,-0.183
-0.280,-0.024,0.693,-23.987,6.775,2.380
-0.277,-0.027,0.674,-23.743,-1.770,5.188
-0.274,-0.012,0.667,-21.545,-10.681,8.911
-0.280,0.013,0.677,-17.395,-18.616,11.414
-0.295,0.030,0.707,-12.756,-23.499,12.268
-0.308,0.046,0.739,-9.705,-26.306,12.939
-0.316,0.056,0.769,-7.629,-28.015,12.939
-0.325,0.057,0.795,-6.409,-28.625,12.146
-0.329,0.059,0.815,-6.348,-28.687,11.169
-0.329,0.071,0.837,-6.042,-27.954,9.705
-0.334,0.079,0.860,-5.676,-26.123,7.446
-0.334,0.073,0.880,-4.944,-23.865,5.493
-0.332,0.070,0.894,-4.333,-21.240,4.272
-0.328,0.070,0.901,-4.822,-19.409,2.808
-0.329,0.068,0.907,-4.456,-17.883,0.671
-0.336,0.067,0.914,-4.333,-16.541,-1.587
-0.334,0.059,0.926,-5.493,-15.808,-3.296
-0.328,0.045,0.940,-7.263,-15.320,-4.456
-0.327,0.026,0.952,-9.827,-15.198,-4.944
-0.325,0.004,0.962,-11.780,-14.893,-4.517
-0.321,-0.007,0.970,-12.451,-14.282,-2.747
-0.320,-0.009,0.976,-12.451,-14.160,-0.549
-0.320,-0.005,0.983,-10.864,-13.611,1.160
-0.321,0.004,0.994,-8.667,-12.390,1.953
-0.323,0.009,1.006,-7.080,-10.498,1.953
-0.327,0.014,1.016,-5.371,-7.996,1.282
-0.329,0.016,1.018,-3.845,-5.554,0.244
-0.323,0.009,1.013,-2.136,-3.418,-0.183
-0.318,0.001,1.004,-0.916,-1.831,-0.305
-0.317,-0.009,0.994,-0.610,-0.977,-0.610
-0.316,-0.020,0.987,-0.732,-0.732,-1.038
-0.309,-0.026,0.985,-1.526,-1.160,-0.977
-0.303,-0.026,0.990,-2.563,-2.075,-0.854
-0.308,-0.023,1.001,-3.967,-2.441,-0.977
-0.313,-0.020,1.007,-5.859,-1.892,-1.343
-0.308,-0.019,1.007,-7.202,-1.160,-2.197
-0.306,-0.027,1.001,-7.874,-0.732,-2.869
-0.307,-0.042,0.992,-8.362,-0.183,-2.808
-0.303,-0.051,0.987,-7.996,0.488,-1.831
-0.299,-0.048,0.987,-7.324,0.916,-0.916
-0.300,-0.043,0.983,-6.958,0.916,-0.488
-0.299,-0.039,0.978,-5.310,0.854,0.061
-0.297,-0.035,0.976,-3.113,0.793,0.854
-0.297,-0.036,0.973,-1.648,0.549,1.404
-0.296,-0.036,0.967,-1.770,0.427,1.648
-0.295,-0.032,0.960,-2.869,0.061,1.160
-0.298,-0.031,0.955,-4.211,-0.366,-0.061
-0.299,-0.033,0.950,-5.066,-0.488,-0.977
-0.294,-0.035,0.946,-5.005,-0.671,-0.854
-0.289,-0.033,0.943,-4.211,-1.160,0.183
-0.286,-0.027,0.942,-2.136,-1.709,1.221
-0.290,-0.020,0.941,0.122,-2.197,1.831
-0.293,-0.018,0.942,0.977,-2.747,1.953
-0.291,-0.020,0.945,0.366,-3.723,1.709
-0.292,-0.022,0.948,-1.587,-4.700,1.221
-0.294,-0.024,0.953,-3.418,-5.493,0.916
-0.295,-0.021,0.966,-3.967,-5.676,1.038
-0.302,-0.011,0.983,-3.845,-4.333,0.610
-0.307,-0.004,0.992,-4.639,-2.441,-0.610
-0.305,0.002,0.988,-5.676,-0.916,-1.953
-0.300,0.001,0.976,-6.042,-0.244,-3.479
-0.295,-0.011,0.966,-5.066,0.061,-4.456
-0.289,-0.025,0.960,-3.784,0.427,-4.150
-0.284,-0.038,0.954,-2.502,0.183,-2.625
-0.281,-0.049,0.950,-1.038,-0.916,-0.854
-0.283,-0.054,0.956,-0.610,-2.075,1.038
-0.286,-0.050,0.967,-2.197,-2.441,2.563
-0.286,-0.033,0.974,-3.967,-2.197,2.808
-0.292,-0.010,0.979,-4.395,-1.404,1.343
-0.300,0.002,0.988,-3.784,0.366,-1.282
-0.300,0.005,0.991,-2.441,2.808,-3.784
-0.298,-0.005,0.984,-0.977,4.822,-5.493
-0.296,-0.027,0.972,1.465,6.409,-5.676
-0.290,-0.046,0.960,3.052,7.263,-4.761
-0.282,-0.057,0.952,3.906,7.080,-3.479

0.306,0.509,1.794,167.908,-395.752,-32.288
0.177,0.524,1.870,154.053,-351.990,-64.087
0.099,0.530,1.896,140.442,-309.448,-101.501
0.119,0.507,1.952,134.338,-262.512,-142.700
0.183,0.462,2.011,148.560,-211.487,-184.265
0.225,0.416,1.996,163.818,-156.128,-220.886
0.324,0.340,1.961,164.001,-100.952,-252.502
0.436,0.229,1.937,156.494,-53.284,-280.884
0.514,0.123,1.891,145.630,-12.878,-300.781
0.566,0.015,1.847,141.418,24.109,-309.204
0.574,-0.077,1.819,153.015,61.462,-307.861
0.579,-0.111,1.803,165.955,99.060,-304.687
0.606,-0.117,1.814,164.368,131.042,-305.664
0.667,-0.119,1.846,145.569,155.945,-309.570
0.757,-0.136,1.816,104.858,175.964,-310.730
0.786,-0.210,1.687,52.551,191.345,-304.199
0.698,-0.301,1.553,6.042,203.735,-287.781
0.550,-0.368,1.477,-27.344,214.966,-264.038
0.444,-0.400,1.406,-48.218,226.868,-232.422
0.422,-0.380,1.318,-58.777,234.985,-198.059
0.421,-0.322,1.238,-59.692,234.375,-165.710
0.396,-0.274,1.153,-52.734,223.206,-135.803
0.321,-0.282,1.057,-41.626,204.285,-104.858
0.209,-0.327,0.982,-28.992,186.646,-71.655
0.136,-0.344,0.943,-22.217,172.180,-38.513
0.093,-0.308,0.900,-20.691,156.555,-11.536
0.029,-0.234,0.878,-20.325,141.235,6.348
-0.062,-0.134,0.908,-23.315,131.042,15.137
-0.149,-0.038,0.946,-34.119,127.991,16.663
-0.186,0.030,0.946,-49.011,126.587,14.343
-0.178,0.075,0.898,-60.120,121.338,11.353
-0.165,0.091,0.823,-62.073,110.596,8.606
-0.166,0.098,0.756,-54.626,96.375,7.324
-0.184,0.109,0.707,-43.457,80.566,6.836
-0.219,0.092,0.676,-34.851,64.575,6.104
-0.258,0.049,0.655,-30.457,50.415,6.653
-0.279,0.007,0.644,-31.738,38.025,9.094
-0.275,-0.010,0.648,-35.583,26.917,13.062
-0.276,0.010,0.670,-36.926,17.456,16.663
-0.300,0.061,0.706,-35.645,10.620,17.456
-0.329,0.122,0.743,-33.081,6.592,13.733
-0.354,0.166,0.768,-30.151,5.127,6.775
-0.365,0.170,0.775,-29.663,5.127,-0.305
-0.358,0.137,0.761,-30.334,4.456,-4.456
-0.346,0.097,0.739,-28.748,2.380,-5.493
-0.336,0.061,0.726,-24.719,-0.916,-3.723
-0.329,0.037,0.723,-19.104,-5.127,-0.183
-0.329,0.040,0.738,-11.902,-9.888,3.662
-0.341,0.066,0.775,-4.883,-13.123,4.700
-0.363,0.092,0.811,-2.136,-14.832,2.380
-0.384,0.098,0.842,-2.747,-14.771,-1.221
-0.401,0.092,0.875,-4.333,-11.780,-4.639
-0.403,0.083,0.897,-6.287,-7.812,-6.958
-0.391,0.067,0.901,-7.080,-5.493,-7.202
-0.376,0.050,0.889,-6.287,-5.127,-5.432
-0.363,0.038,0.872,-4.150,-6.836,-3.113
-0.357,0.031,0.862,-0.305,-10.010,-1.099
-0.357,0.024,0.864,4.700,-13.062,0.671
-0.360,0.019,0.873,9.949,-15.747,2.258
-0.361,0.015,0.896,13.916,-18.372,3.113
-0.366,0.008,0.933,14.099,-19.592,3.357
-0.375,0.006,0.966,10.376,-18.677,2.991
-0.376,0.018,0.984,5.005,-16.785,1.709
-0.374,0.035,0.990,-0.244,-15.015,-0.427
-0.377,0.040,0.989,-3.296,-13.611,-2.991
-0.377,0.037,0.987,-4.761,-12.207,-4.395
-0.372,0.031,0.984,-5.798,-10.681,-4.517
-0.366,0.019,0.979,-4.883,-9.583,-3.906
-0.365,0.002,0.976,-2.686,-8.667,-2.441
-0.364,-0.011,0.981,-1.221,-7.507,-0.488
-0.364,-0.006,0.988,-1.953,-5.554,1.343
-0.365,0.015,0.987,-3.418,-3.357,1.526
-0.368,0.040,0.981,-3.540,-1.892,-1.038
-0.366,0.048,0.977,-2.319,-1.099,-5.127
-0.357,0.037,0.975,-0.671,-0.610,-7.874
-0.352,0.018,0.967,1.099,-0.366,-8.789
-0.352,-0.004,0.957,2.502,-0.610,-8.545
-0.352,-0.026,0.951,2.930,-1.038,-7.202
-0.347,-0.038,0.946,1.587,-1.587,-5.188
-0.341,-0.037,0.939,0.122,-2.808,-3.174
-0.341,-0.026,0.937,0.061,-4.761,-1.770
-0.346,-0.013,0.950,1.526,-5.615,-0.916
-0.352,-0.003,0.968,2.991,-5.005,-1.038
-0.353,-0.003,0.979,3.174,-3.967,-1.465
-0.350,-0.010,0.981,1.892,-2.930,-1.648
-0.349,-0.020,0.975,-0.793,-2.319,-1.343
-0.343,-0.030,0.965,-3.113,-2.380,-0.854
-0.336,-0.032,0.958,-4.395,-2.930,0.000
-0.336,-0.024,0.957,-3.845,-3.052,0.366
-0.341,-0.015,0.962,-1.526,-2.075,0.122
-0.342,-0.009,0.966,0.427,-1.038,0.305
-0.339,-0.001,0.966,2.075,-0.549,0.793
-0.337,0.006,0.968,2.930,-0.488,0.549
-0.348,0.010,0.972,2.075,0.427,-0.610
-0.358,0.013,0.973,-0.610,2.319,-2.441
-0.353,0.010,0.968,-3.540,4.089,-3.845
-0.341,0.009,0.955,-4.822,4.700,-4.333
-0.333,0.010,0.944,-3.723,4.028,-4.333
-0.333,0.002,0.940,-1.526,2.869,-4.333
-0.338,-0.007,0.939,-0.671,2.014,-3.601
-0.340,-0.012,0.937,-0.549,1.221,-2.563
-0.339,-0.016,0.934,-0.977,0.000,-1.221
-0.338,-0.015,0.931,-1.587,-1.160,0.183
-0.336,-0.012,0.928,-2.014,-1.709,1.038
-0.333,-0.005,0.926,-1.709,-2.136,1.404
-0.331,0.008,0.930,-0.671,-2.747,0.977
-0.335,0.023,0.941,1.099,-3.052,-0.366
-0.344,0.028,0.953,2.197,-2.625,-2.502
-0.348,0.017,0.959,1.648,-1.648,-4.456
-0.347,0.001,0.956,-0.305,-0.549,-5.615
-0.345,-0.012,0.946,-3.052,0.305,-5.920
-0.339,-0.020,0.935,-5.005,1.038,-5.554
-0.332,-0.021,0.925,-5.615,1.648,-4.822
-0.328,-0.018,0.916,-4.822,1.526,-4.150
-0.327,-0.017,0.911,-3.418,0.610,-3.296
-0.324,-0.013,0.909,-1.160,-1.160,-2.258
-0.321,-0.010,0.911,2.014,-3.540,-1.831
-0.321,-0.014,0.920,5.005,-5.920,-1.892
-0.327,-0.026,0.934,6.042,-7.324,-1.831

0.541,0.057,2.271,182.861,14.832,-289.307
0.521,0.010,2.335,161.194,73.059,-300.049
0.509,-0.067,2.336,127.014,130.493,-313.110
0.509,-0.152,2.286,82.703,188.843,-324.768
0.536,-0.225,2.205,31.189,244.995,-331.116
0.585,-0.273,2.097,-18.433,297.913,-327.515
0.658,-0.278,1.957,-52.979,342.590,-312.012
0.725,-0.233,1.792,-72.632,373.596,-285.461
0.766,-0.174,1.646,-74.890,390.503,-255.005
0.766,-0.161,1.512,-64.331,393.494,-225.830
0.722,-0.236,1.306,-46.997,377.686,-192.932
0.657,-0.359,1.029,-28.259,350.830,-155.090
0.557,-0.501,0.774,-14.038,319.275,-114.929
0.428,-0.638,0.588,-6.104,277.649,-73.120
0.296,-0.739,0.437,-7.629,225.586,-30.273
0.167,-0.782,0.343,-18.982,172.791,10.071
0.058,-0.756,0.346,-36.987,127.625,43.457
-0.010,-0.656,0.417,-62.256,90.698,71.655
-0.043,-0.491,0.479,-94.055,62.256,95.154
-0.051,-0.282,0.500,-115.173,34.973,111.328
-0.061,-0.024,0.519,-110.107,8.484,114.136
-0.123,0.208,0.557,-85.876,-15.198,101.196
-0.223,0.310,0.619,-58.838,-31.982,77.698
-0.305,0.291,0.692,-42.236,-37.476,53.833
-0.357,0.219,0.743,-39.429,-33.142,35.522
-0.385,0.143,0.748,-44.006,-24.292,23.865
-0.377,0.091,0.721,-47.974,-17.334,17.212
-0.351,0.059,0.690,-47.302,-15.137,13.611
-0.333,0.041,0.674,-43.152,-15.991,12.878
-0.328,0.039,0.664,-36.621,-18.555,14.343
-0.326,0.044,0.660,-27.588,-22.888,16.663
-0.311,0.058,0.670,-14.771,-28.381,19.043
-0.304,0.081,0.699,-0.305,-34.668,20.264
-0.327,0.102,0.752,11.902,-38.940,18.982
-0.364,0.110,0.814,16.113,-38.879,14.893
-0.387,0.095,0.861,11.841,-36.011,9.888
-0.389,0.073,0.892,3.662,-32.227,5.737
-0.376,0.060,0.908,-4.700,-28.442,3.113
-0.351,0.054,0.910,-9.216,-26.672,1.648
-0.337,0.040,0.909,-8.484,-27.161,1.282
-0.333,0.017,0.908,-5.310,-28.198,2.930
-0.328,-0.004,0.913,-0.427,-29.236,6.714
-0.321,-0.015,0.931,5.554,-29.663,11.230
-0.322,-0.015,0.968,11.597,-28.564,15.991
-0.336,0.007,1.016,15.381,-23.926,19.531
-0.341,0.047,1.045,14.771,-17.700,19.775
-0.340,0.083,1.048,11.902,-12.573,15.564
-0.343,0.094,1.037,7.141,-8.972,8.484
-0.340,0.079,1.025,2.502,-5.859,1.526
-0.333,0.049,1.014,-1.099,-2.686,-2.686
-0.323,0.018,1.001,-1.709,0.061,-3.418
-0.308,-0.003,0.987,-0.183,1.465,-1.892
-0.293,-0.013,0.970,1.770,0.732,0.610
-0.286,-0.010,0.955,2.747,-1.770,2.686
-0.287,-0.001,0.947,2.625,-4.822,3.235
-0.292,0.007,0.950,2.563,-7.263,2.441
-0.298,0.012,0.962,2.747,-8.545,1.526
-0.301,0.009,0.977,2.380,-8.728,0.854
-0.310,-0.001,0.988,1.221,-7.385,0.122
-0.315,-0.013,0.994,-0.488,-5.188,-0.305
-0.307,-0.023,0.990,-2.686,-3.357,0.244
-0.294,-0.021,0.979,-3.906,-2.808,1.526
-0.292,-0.007,0.973,-2.930,-2.991,2.258
-0.298,0.007,0.972,-1.587,-2.502,1.221
-0.298,0.007,0.967,-1.221,-1.648,-0.488
-0.290,0.003,0.957,-1.038,-1.282,-1.892
-0.286,-0.005,0.949,-0.244,-1.526,-2.869
-0.286,-0.019,0.945,-0.061,-1.770,-2.991
-0.281,-0.025,0.941,-0.305,-2.380,-1.953
-0.276,-0.026,0.936,-0.671,-3.540,-0.854
-0.274,-0.026,0.933,-0.916,-5.066,-0.244
-0.271,-0.023,0.935,-1.221,-6.714,0.061
-0.270,-0.019,0.940,-1.343,-8.179,0.427
-0.275,-0.017,0.943,-1.587,-9.460,0.854
-0.281,-0.014,0.950,-0.977,-10.315,1.099
-0.285,-0.006,0.965,0.122,-10.010,1.221
-0.291,0.005,0.981,0.793,-8.484,0.793
-0.292,0.011,0.988,1.221,-6.714,-0.183
-0.288,0.010,0.987,1.099,-5.005,-1.099
-0.283,0.005,0.979,1.221,-3.906,-2.014
-0.276,-0.005,0.968,1.404,-3.479,-2.502
-0.269,-0.019,0.958,1.953,-3.662,-2.075
-0.265,-0.024,0.959,3.479,-4.333,-1.038
-0.265,-0.021,0.969,4.456,-4.700,0.122
-0.264,-0.016,0.976,4.822,-4.822,1.038
-0.263,-0.010,0.978,3.906,-5.127,1.404
-0.266,-0.007,0.975,2.319,-5.493,0.671
-0.268,-0.010,0.972,0.671,-5.798,-0.366
-0.266,-0.013,0.968,-0.916,-6.409,-0.488
-0.265,-0.018,0.966,-1.404,-7.019,0.000
-0.266,-0.021,0.974,-0.122,-7.324,0.977
-0.268,-0.016,0.990,1.465,-7.080,2.441
-0.273,-0.001,1.008,3.113,-5.981,3.418
-0.282,0.009,1.022,3.723,-4.272,2.747
-0.283,0.013,1.026,2.808,-2.197,1.343
-0.277,0.022,1.018,1.038,-0.916,-0.244
-0.274,0.023,1.007,0.122,-0.916,-2.075
-0.274,0.015,1.005,1.587,-0.793,-2.991
-0.277,0.007,1.008,4.211,0.183,-2.258
-0.278,0.003,1.011,6.836,1.770,-0.793
-0.275,-0.000,1.009,8.606,3.479,0.061
-0.272,-0.006,1.002,8.850,4.578,0.427
-0.269,-0.011,0.993,7.202,4.883,0.732
-0.264,-0.009,0.982,4.517,4.333,0.610
-0.259,0.004,0.976,2.380,3.235,-0.610
-0.258,0.012,0.974,0.977,1.953,-2.625
-0.260,0.003,0.972,0.610,1.221,-4.028
-0.258,-0.015,0.970,0.732,1.404,-4.028
-0.256,-0.029,0.965,0.977,1.892,-3.174
-0.253,-0.040,0.958,1.892,1.526,-1.648
-0.253,-0.042,0.957,2.563,0.366,0.427
-0.256,-0.032,0.960,2.136,-0.732,1.526
-0.261,-0.018,0.964,0.671,-1.770,1.038
-0.260,-0.011,0.967,-0.854,-2.502,-0.061
-0.258,-0.010,0.970,-1.038,-2.441,-0.671
-0.262,-0.013,0.971,-0.244,-1.831,-0.793
-0.267,-0.017,0.972,0.854,-1.038,-0.610
-0.269,-0.019,0.972,1.038,-0.061,-0.488
-0.268,-0.022,0.969,0.244,0.732,-0.610

0.140,0.791,1.880,282.104,-452.148,43.762
-0.002,0.933,2.128,252.991,-382.385,-6.592
-0.085,0.983,2.235,190.918,-322.876,-74.890
-0.088,0.875,2.161,129.700,-274.719,-151.489
0.002,0.703,2.005,96.130,-227.173,-222.778
0.169,0.521,1.875,97.168,-174.438,-277.283
0.381,0.333,1.770,123.535,-127.075,-309.875
0.602,0.188,1.688,153.809,-95.337,-330.627
0.766,0.067,1.642,177.673,-77.271,-345.825
0.824,-0.079,1.620,204.468,-62.317,-352.661
0.787,-0.198,1.665,237.610,-45.166,-350.952
0.690,-0.233,1.825,262.512,-22.278,-344.604
0.604,-0.228,2.021,266.418,12.695,-338.013
0.582,-0.187,2.171,233.032,55.908,-337.769
0.606,-0.187,2.226,154.907,98.938,-340.149
0.653,-0.326,2.150,67.322,140.320,-331.970
0.662,-0.515,1.979,4.395,176.086,-307.251
0.613,-0.645,1.785,-33.081,201.599,-267.334
0.532,-0.668,1.642,-49.377,218.384,-221.863
0.467,-0.582,1.551,-59.326,227.356,-181.580
0.431,-0.446,1.472,-65.735,229.858,-151.611
0.389,-0.322,1.411,-64.514,229.858,-131.897
0.336,-0.241,1.356,-60.059,225.037,-115.112
0.288,-0.217,1.269,-55.176,216.797,-95.459
0.237,-0.272,1.145,-48.950,208.923,-69.214
0.176,-0.346,1.034,-36.194,201.843,-39.001
0.113,-0.384,0.955,-23.987,192.139,-10.620
0.055,-0.396,0.904,-18.860,179.871,14.771
0.009,-0.369,0.885,-21.362,167.786,37.231
-0.041,-0.282,0.894,-28.748,158.020,53.467
-0.070,-0.134,0.900,-42.419,148.621,59.387
-0.065,0.028,0.869,-53.772,132.935,53.223
-0.093,0.125,0.814,-54.749,110.779,38.757
-0.156,0.136,0.771,-49.316,88.562,24.109
-0.221,0.096,0.755,-45.349,73.059,14.038
-0.279,0.027,0.754,-45.593,65.796,9.949
-0.305,-0.037,0.756,-46.692,64.270,11.475
-0.306,-0.064,0.747,-48.950,65.063,16.235
-0.288,-0.029,0.714,-48.279,64.941,21.790
-0.264,0.061,0.671,-39.063,60.364,22.705
-0.271,0.135,0.642,-21.912,48.340,17.334
-0.308,0.142,0.609,-6.897,31.616,9.766
-0.333,0.081,0.571,0.244,16.907,5.005
-0.323,0.009,0.554,2.563,5.981,4.456
-0.312,-0.031,0.549,0.854,-4.395,7.446
-0.312,-0.037,0.553,-3.296,-15.381,12.878
-0.318,-0.010,0.576,-6.287,-24.902,18.433
-0.327,0.044,0.603,-6.653,-31.799,21.545
-0.337,0.098,0.633,-4.028,-37.109,20.935
-0.346,0.146,0.667,1.038,-40.833,17.822
-0.363,0.177,0.700,5.859,-43.518,12.939
-0.385,0.166,0.736,9.399,-44.434,7.141
-0.395,0.140,0.765,9.888,-43.213,2.319
-0.386,0.118,0.785,8.911,-41.809,-0.977
-0.376,0.091,0.798,8.362,-41.687,-2.808
-0.372,0.061,0.806,6.836,-42.419,-2.686
-0.365,0.042,0.829,5.127,-42.786,-0.793
-0.365,0.050,0.862,4.456,-40.710,0.671
-0.366,0.063,0.889,3.296,-37.415,0.610
-0.355,0.067,0.909,3.357,-34.119,0.366
-0.329,0.076,0.927,5.310,-31.494,0.793
-0.315,0.091,0.950,9.888,-29.968,0.488
-0.333,0.091,0.971,12.695,-27.588,-1.221
-0.348,0.068,0.982,12.512,-24.170,-2.808
-0.352,0.038,0.984,10.498,-20.630,-3.052
-0.339,0.024,0.982,7.507,-18.433,-1.831
-0.307,0.031,0.989,7.080,-18.188,-0.427
-0.294,0.037,1.001,9.155,-19.592,-0.549
-0.308,0.026,1.013,9.949,-21.301,-2.014
-0.324,0.003,1.028,6.958,-21.545,-3.113
-0.333,-0.020,1.040,0.732,-20.386,-2.991
-0.321,-0.031,1.048,-5.066,-18.860,-1.709
-0.298,-0.026,1.055,-6.958,-17.761,0.305
-0.292,-0.023,1.055,-6.897,-17.334,1.953
-0.296,-0.033,1.054,-6.836,-16.907,3.601
-0.297,-0.038,1.051,-7.935,-15.320,6.042
-0.305,-0.018,1.044,-9.033,-13.245,8.240
-0.313,0.013,1.035,-9.155,-11.108,7.507
-0.304,0.029,1.032,-7.874,-8.911,4.333
-0.292,0.032,1.031,-6.165,-5.981,1.160
-0.284,0.023,1.026,-4.883,-3.418,-0.854
-0.277,0.008,1.020,-4.578,-1.526,-2.258
-0.283,-0.009,1.006,-5.676,0.244,-4.150
-0.289,-0.031,0.993,-6.531,1.526,-6.042
-0.283,-0.052,0.985,-7.141,2.625,-5.981
-0.269,-0.054,0.975,-6.714,2.686,-2.991
-0.258,-0.037,0.970,-3.723,1.282,0.610
-0.261,-0.021,0.970,0.793,-0.793,2.808
-0.269,-0.011,0.972,4.089,-2.686,3.906
-0.275,-0.003,0.977,4.395,-3.845,3.967
-0.281,0.002,0.980,2.380,-4.700,3.052
-0.291,0.012,0.982,0.122,-5.310,1.770
-0.301,0.024,0.983,-2.014,-5.798,-0.122
-0.305,0.023,0.985,-3.174,-5.432,-2.014
-0.302,0.018,0.987,-2.380,-4.211,-2.258
-0.297,0.020,0.990,-0.549,-3.113,-0.366
-0.295,0.028,0.992,1.282,-2.502,2.625
-0.299,0.041,0.987,2.258,-2.502,5.371
-0.301,0.051,0.976,1.648,-3.113,6.592
-0.296,0.055,0.966,0.732,-3.601,5.981
-0.290,0.054,0.963,-0.488,-3.601,4.150
-0.281,0.046,0.963,-2.380,-3.113,2.502
-0.270,0.042,0.960,-3.479,-2.808,2.014
-0.265,0.047,0.958,-2.319,-3.357,1.770
-0.273,0.054,0.963,-0.366,-3.906,0.549
-0.283,0.049,0.970,0.244,-3.174,-0.793
-0.285,0.035,0.973,-0.549,-1.465,-1.770
-0.275,0.027,0.966,-1.831,0.122,-2.441
-0.261,0.027,0.955,-1.099,0.183,-3.113
-0.259,0.024,0.948,1.770,-0.793,-3.906
-0.258,0.012,0.948,4.211,-1.648,-4.028
-0.255,-0.000,0.953,5.188,-2.014,-3.235
-0.261,-0.007,0.958,4.517,-2.014,-3.113
-0.269,-0.017,0.961,3.296,-1.831,-3.845
-0.271,-0.030,0.967,2.625,-1.282,-4.089
-0.264,-0.038,0.975,2.686,-0.427,-2.869
-0.257,-0.036,0.982,3.967,-0.183,-0.305
-0.255,-0.027,0.990,5.249,-0.427,1.953
-0.257,-0.016,0.997,4.944,-0.427,3.296

0.376,0.792,1.524,211.731,-425.110,11.169
0.385,0.802,1.603,200.989,-389.099,-24.658
0.462,0.758,1.679,167.603,-362.854,-70.007
0.521,0.619,1.692,126.831,-342.834,-113.586
0.538,0.459,1.685,103.699,-318.481,-146.484
0.559,0.370,1.710,100.403,-282.349,-167.603
0.587,0.323,1.749,103.455,-242.493,-177.490
0.640,0.332,1.808,103.516,-204.407,-184.448
0.661,0.374,1.898,92.773,-168.518,-197.571
0.589,0.389,1.976,86.548,-129.761,-214.233
0.504,0.419,2.032,88.989,-83.679,-231.750
0.462,0.401,2.094,96.985,-33.936,-250.671
0.464,0.317,2.135,112.366,18.250,-262.207
0.532,0.280,2.148,115.356,70.618,-271.606
0.586,0.268,2.137,90.942,118.408,-289.917
0.582,0.206,2.079,50.232,163.391,-312.256
0.600,0.121,2.001,7.507,206.909,-329.773
0.657,0.035,1.899,-32.349,250.183,-334.961
0.717,-0.039,1.765,-65.796,288.391,-326.904
0.756,-0.083,1.605,-91.614,311.523,-310.547
0.758,-0.127,1.434,-104.248,319.763,-288.391
0.741,-0.169,1.286,-102.173,316.406,-260.498
0.692,-0.219,1.138,-89.661,298.279,-226.562
0.575,-0.313,0.984,-73.608,271.606,-186.279
0.428,-0.423,0.850,-59.143,245.178,-143.188
0.291,-0.535,0.753,-49.988,219.604,-98.694
0.174,-0.633,0.694,-41.626,195.251,-54.016
0.086,-0.667,0.678,-38.208,173.462,-11.230
0.022,-0.627,0.700,-45.349,154.968,26.306
-0.030,-0.530,0.736,-61.340,140.198,55.115
-0.063,-0.373,0.784,-79.590,126.526,72.266
-0.097,-0.184,0.818,-97.290,111.755,78.796
-0.142,-0.030,0.802,-111.877,95.093,78.979
-0.181,0.071,0.760,-113.342,77.698,75.317
-0.214,0.140,0.736,-99.060,62.683,68.848
-0.259,0.164,0.717,-80.994,51.880,60.608
-0.299,0.144,0.700,-65.125,44.495,53.955
-0.314,0.108,0.694,-52.917,40.466,49.438
-0.328,0.075,0.688,-46.387,38.269,47.241
-0.345,0.053,0.681,-45.105,36.438,46.936
-0.358,0.055,0.673,-45.837,34.729,47.363
-0.357,0.076,0.658,-46.997,31.921,47.058
-0.340,0.104,0.641,-45.105,26.611,45.593
-0.323,0.147,0.620,-37.598,17.334,43.396
-0.328,0.190,0.601,-25.635,3.906,39.246
-0.346,0.200,0.596,-12.573,-10.376,33.752
-0.366,0.196,0.621,-1.404,-21.912,28.198
-0.380,0.210,0.675,5.554,-27.710,22.583
-0.394,0.236,0.720,8.118,-29.968,16.357
-0.401,0.250,0.749,9.644,-31.921,9.644
-0.395,0.256,0.780,12.329,-34.058,1.953
-0.402,0.240,0.809,13.062,-35.522,-5.920
-0.408,0.200,0.831,10.315,-35.522,-11.719
-0.394,0.166,0.840,6.287,-34.485,-14.465
-0.377,0.145,0.846,4.578,-35.034,-15.564
-0.366,0.131,0.854,5.920,-36.865,-16.113
-0.361,0.124,0.868,9.338,-39.307,-15.869
-0.367,0.117,0.898,13.184,-40.588,-15.015
-0.377,0.119,0.937,16.052,-39.673,-13.794
-0.396,0.126,0.982,18.005,-35.950,-13.428
-0.416,0.133,1.028,16.785,-28.992,-14.160
-0.423,0.147,1.056,12.756,-20.325,-16.541
-0.420,0.149,1.055,7.446,-12.573,-20.691
-0.409,0.132,1.032,2.930,-7.080,-25.024
-0.389,0.106,1.000,0.366,-4.028,-27.588
-0.355,0.091,0.966,0.549,-4.456,-27.710
-0.327,0.085,0.940,4.578,-8.667,-27.100
-0.330,0.059,0.937,9.399,-13.977,-26.611
-0.343,0.011,0.949,9.888,-17.212,-24.963
-0.352,-0.030,0.966,5.676,-17.700,-21.179
-0.363,-0.049,0.983,-1.160,-16.296,-15.991
-0.369,-0.031,0.995,-6.348,-13.306,-10.681
-0.366,0.020,1.002,-7.629,-9.583,-7.812
-0.365,0.065,1.004,-5.066,-6.958,-8.911
-0.363,0.080,1.005,-1.770,-5.127,-11.902
-0.362,0.063,1.004,0.732,-3.235,-13.916
-0.364,0.027,0.999,1.221,-1.099,-14.160
-0.359,-0.010,0.988,-0.977,0.671,-12.512
-0.352,-0.045,0.971,-4.517,1.343,-8.911
-0.346,-0.064,0.955,-7.446,0.854,-4.089
-0.338,-0.062,0.951,-7.996,0.366,0.854
-0.324,-0.032,0.948,-7.080,-0.549,5.432
-0.315,0.016,0.940,-3.418,-3.601,7.629
-0.327,0.051,0.944,2.136,-7.324,5.981
-0.348,0.057,0.964,5.066,-8.240,2.319
-0.358,0.047,0.981,3.784,-6.775,-0.977
-0.361,0.037,0.985,-0.183,-4.578,-3.540
-0.361,0.027,0.975,-4.578,-2.563,-5.859
-0.353,0.023,0.960,-6.897,-1.038,-7.507
-0.339,0.026,0.948,-7.507,-0.793,-8.057
-0.326,0.037,0.936,-6.592,-2.136,-7.507
-0.322,0.040,0.925,-4.211,-4.883,-7.446
-0.329,0.027,0.922,-1.099,-7.080,-7.141
-0.338,0.013,0.922,-0.061,-7.812,-5.371
-0.334,0.016,0.917,0.427,-8.423,-2.625
-0.326,0.038,0.917,2.869,-9.460,-1.404
-0.330,0.054,0.928,5.554,-10.132,-2.441
-0.335,0.054,0.943,6.409,-9.705,-3.723
-0.329,0.050,0.954,5.066,-8.789,-4.333
-0.324,0.048,0.957,2.869,-8.484,-5.493
-0.326,0.041,0.961,0.427,-8.179,-7.568
-0.329,0.032,0.966,-2.319,-7.141,-9.583
-0.327,0.025,0.965,-5.066,-6.042,-10.681
-0.319,0.019,0.962,-7.141,-5.676,-10.742
-0.309,0.019,0.959,-7.690,-5.493,-10.071
-0.304,0.021,0.959,-6.653,-5.737,-9.705
-0.304,0.013,0.960,-5.615,-6.042,-9.521
-0.303,0.009,0.959,-5.005,-5.981,-8.484
-0.308,0.009,0.954,-4.944,-6.287,-7.385
-0.310,0.010,0.948,-5.066,-6.897,-6.592
-0.310,0.014,0.946,-4.517,-7.568,-6.653
-0.311,0.010,0.953,-4.700,-8.179,-7.568
-0.307,-0.003,0.967,-6.775,-8.057,-8.545
-0.301,-0.014,0.973,-10.742,-7.812,-8.911
-0.297,-0.015,0.971,-13.794,-8.362,-9.216
-0.300,-0.014,0.968,-15.015,-9.583,-9.766
-0.307,-0.023,0.969,-15.442,-10.132,-9.155
-0.312,-0.038,0.969,-14.465,-9.216,-7.019
-0.317,-0.049,0.967,-12.329,-7.446,-3.418

0.846,0.488,1.391,157.837,-600.952,85.876
0.777,0.614,1.581,200.256,-557.739,61.157
0.724,0.747,1.787,210.266,-508.423,29.968
0.601,0.828,1.945,192.627,-463.379,-6.775
0.461,0.822,2.026,166.016,-424.927,-49.683
0.388,0.780,2.075,146.851,-383.606,-99.487
0.391,0.730,2.120,136.536,-332.092,-150.391
0.440,0.668,2.173,133.545,-274.231,-196.472
0.521,0.586,2.229,135.803,-214.294,-233.032
0.630,0.477,2.264,139.771,-157.043,-259.888
0.704,0.326,2.237,140.381,-104.431,-280.762
0.722,0.165,2.163,131.714,-55.115,-296.143
0.727,0.025,2.103,114.258,-8.301,-302.917
0.729,-0.124,2.044,93.689,35.645,-301.819
0.729,-0.205,1.993,71.777,75.073,-300.598
0.713,-0.187,1.983,40.527,114.380,-305.969
0.661,-0.163,2.011,2.563,156.128,-313.782
0.642,-0.122,2.037,-34.729,201.233,-318.726
0.705,-0.069,1.988,-80.933,246.277,-318.787
0.773,-0.077,1.859,-123.901,281.311,-314.758
0.863,-0.105,1.692,-147.400,304.687,-302.551
0.937,-0.197,1.461,-156.006,314.819,-273.071
0.863,-0.399,1.193,-135.315,310.608,-230.957
0.723,-0.559,0.998,-91.370,296.570,-183.472
0.589,-0.649,0.881,-48.950,278.015,-138.123
0.466,-0.726,0.815,-22.827,258.667,-94.543
0.378,-0.765,0.790,-10.498,240.845,-52.551
0.305,-0.742,0.775,-10.315,224.243,-14.832
0.229,-0.683,0.764,-21.545,205.994,15.808
0.170,-0.600,0.754,-40.771,185.730,40.649
0.139,-0.487,0.719,-63.965,162.720,61.462
0.109,-0.359,0.680,-81.177,136.963,76.599
0.061,-0.224,0.658,-88.562,109.985,83.252
-0.003,-0.110,0.652,-87.097,84.045,81.726
-0.079,-0.038,0.672,-75.623,62.439,76.477
-0.147,0.031,0.705,-60.059,48.523,70.923
-0.208,0.098,0.726,-47.241,40.710,63.965
-0.263,0.133,0.745,-35.461,36.621,53.833
-0.295,0.145,0.764,-27.649,35.767,41.992
-0.307,0.142,0.757,-25.574,35.645,30.945
-0.307,0.133,0.731,-24.902,33.752,21.606
-0.304,0.117,0.696,-23.193,28.076,13.245
-0.307,0.084,0.662,-21.118,19.714,6.714
-0.306,0.052,0.640,-18.311,10.925,3.174
-0.302,0.042,0.628,-14.954,2.075,2.319
-0.300,0.055,0.632,-9.705,-6.592,2.258
-0.306,0.079,0.660,-3.296,-14.465,1.343
-0.326,0.089,0.705,3.540,-19.409,-0.488
-0.342,0.089,0.758,8.728,-20.203,-2.319
-0.339,0.100,0.798,9.644,-19.653,-3.540
-0.340,0.106,0.823,10.071,-19.531,-6.409
-0.356,0.088,0.840,9.521,-18.738,-10.498
-0.364,0.058,0.847,6.897,-16.907,-12.817
-0.356,0.039,0.851,4.639,-15.076,-12.878
-0.347,0.025,0.852,4.395,-14.160,-12.146
-0.333,0.013,0.851,6.287,-14.648,-10.681
-0.318,0.002,0.853,9.705,-16.724,-8.728
-0.312,-0.006,0.864,13.000,-19.409,-6.104
-0.317,-0.008,0.885,14.648,-21.057,-4.395
-0.326,-0.007,0.908,14.099,-20.691,-4.089
-0.327,0.001,0.922,11.353,-20.020,-4.639
-0.322,0.008,0.927,8.606,-20.020,-5.920
-0.322,0.003,0.936,8.301,-19.958,-7.996
-0.326,-0.013,0.947,8.240,-19.348,-9.277
-0.324,-0.034,0.959,7.568,-18.677,-8.850
-0.321,-0.056,0.970,6.836,-17.700,-6.958
-0.318,-0.062,0.973,5.432,-16.663,-4.211
-0.315,-0.050,0.974,4.822,-16.541,-2.502
-0.320,-0.038,0.984,5.249,-16.907,-2.502
-0.325,-0.027,0.996,5.188,-16.602,-2.869
-0.327,-0.020,1.011,5.188,-15.503,-3.784
-0.332,-0.016,1.030,4.700,-12.573,-5.188
-0.335,-0.015,1.043,3.174,-7.996,-7.446
-0.344,-0.023,1.055,1.892,-2.991,-9.949
-0.348,-0.036,1.060,-1.282,2.808,-11.658
-0.341,-0.057,1.044,-5.188,7.874,-12.146
-0.324,-0.076,1.012,-7.080,10.437,-10.681
-0.299,-0.081,0.979,-5.249,9.705,-7.324
-0.285,-0.080,0.952,-1.221,6.531,-3.174
-0.285,-0.081,0.938,2.808,2.380,0.916
-0.286,-0.078,0.934,4.822,-1.709,4.272
-0.290,-0.061,0.936,4.517,-5.737,5.920
-0.304,-0.043,0.950,2.686,-8.301,4.883
-0.318,-0.032,0.967,-0.732,-8.972,2.563
-0.322,-0.023,0.974,-4.395,-8.606,0.610
-0.319,-0.022,0.969,-5.737,-8.606,-0.977
-0.310,-0.034,0.964,-4.333,-8.972,-1.587
-0.298,-0.045,0.961,-1.953,-9.277,-0.366
-0.287,-0.047,0.955,1.160,-10.132,1.343
-0.282,-0.045,0.955,5.188,-11.658,1.892
-0.286,-0.042,0.963,7.446,-12.634,1.709
-0.292,-0.041,0.974,7.080,-12.756,0.671
-0.293,-0.040,0.985,4.639,-12.268,-0.549
-0.294,-0.042,0.993,0.793,-11.292,-2.014
-0.294,-0.045,0.995,-2.747,-9.949,-3.052
-0.289,-0.054,0.991,-4.944,-8.484,-3.052
-0.281,-0.068,0.985,-5.554,-7.202,-1.648
-0.272,-0.068,0.979,-5.005,-6.409,0.610
-0.271,-0.057,0.976,-3.052,-5.554,2.258
-0.275,-0.044,0.975,-0.183,-4.395,2.991
-0.272,-0.031,0.970,2.441,-3.845,3.296
-0.272,-0.029,0.963,4.944,-4.211,3.052
-0.275,-0.031,0.959,6.042,-4.517,2.869
-0.275,-0.033,0.962,5.066,-4.211,2.380
-0.273,-0.033,0.964,3.296,-3.845,1.770
-0.272,-0.030,0.965,1.709,-3.479,1.160
-0.271,-0.030,0.964,0.366,-3.357,0.916
-0.269,-0.031,0.960,-0.061,-3.479,1.099
-0.263,-0.027,0.959,0.732,-3.662,1.404
-0.262,-0.019,0.963,2.686,-3.906,1.160
-0.268,-0.017,0.969,4.456,-3.662,0.549
-0.270,-0.021,0.977,4.944,-2.686,-0.061
-0.266,-0.022,0.976,4.395,-2.136,-0.732
-0.265,-0.025,0.973,3.784,-2.441,-1.770
-0.265,-0.034,0.975,3.113,-2.380,-2.808
-0.267,-0.039,0.977,1.831,-2.014,-3.174
-0.264,-0.036,0.975,0.854,-1.892,-2.808
-0.261,-0.033,0.975,1.831,-2.136,-2.686
-0.267,-0.037,0.979,3.174,-1.831,-2.747

0.241,0.931,1.700,294.800,-474.121,83.008
0.152,0.998,1.758,289.124,-415.649,34.973
0.187,0.954,1.777,234.558,-379.639,-33.325
0.284,0.797,1.742,162.781,-358.459,-106.018
0.372,0.562,1.661,114.563,-335.266,-162.842
0.473,0.371,1.614,112.244,-301.636,-196.228
0.597,0.263,1.634,142.273,-266.846,-213.440
0.694,0.216,1.683,173.706,-241.394,-223.145
0.757,0.203,1.739,184.814,-223.999,-230.347
0.783,0.179,1.799,180.664,-205.627,-239.380
0.791,0.136,1.870,176.575,-183.350,-251.709
0.749,0.103,1.994,179.260,-153.381,-264.526
0.631,0.111,2.158,184.814,-110.474,-267.883
0.588,0.159,2.305,176.575,-56.213,-265.930
0.613,0.167,2.396,145.752,3.540,-270.508
0.608,0.136,2.438,107.910,61.890,-285.095
0.614,0.087,2.442,63.477,119.080,-304.077
0.624,-0.029,2.382,19.714,177.979,-316.650
0.597,-0.160,2.276,-14.099,235.474,-319.275
0.574,-0.208,2.184,-41.138,289.490,-316.650
0.625,-0.181,2.088,-70.679,335.693,-310.303
0.714,-0.159,1.947,-98.633,368.713,-296.326
0.802,-0.143,1.782,-112.488,388.916,-272.766
0.864,-0.148,1.562,-111.694,390.625,-245.483
0.877,-0.210,1.273,-101.624,370.056,-208.923
0.826,-0.313,0.961,-83.618,333.862,-165.161
0.673,-0.473,0.690,-62.378,288.452,-119.507
0.460,-0.656,0.517,-42.175,242.493,-76.111
0.273,-0.755,0.458,-28.137,203.552,-37.048
0.148,-0.724,0.477,-31.372,172.791,-5.737
0.074,-0.623,0.504,-55.786,141.907,18.250
0.042,-0.495,0.513,-85.815,110.474,37.109
0.021,-0.326,0.517,-106.140,81.177,49.561
-0.034,-0.139,0.522,-110.046,53.955,52.429
-0.120,0.007,0.544,-97.046,29.724,44.861
-0.205,0.082,0.582,-74.097,12.756,30.823
-0.264,0.088,0.612,-54.565,4.639,16.907
-0.296,0.039,0.628,-41.992,1.587,7.507
-0.313,-0.029,0.634,-34.241,1.099,3.906
-0.320,-0.082,0.629,-29.724,2.502,5.432
-0.307,-0.100,0.614,-25.269,2.991,9.705
-0.288,-0.085,0.595,-18.372,0.488,14.160
-0.290,-0.057,0.588,-9.399,-4.395,17.456
-0.310,-0.036,0.603,-1.526,-9.338,18.921
-0.328,-0.020,0.636,2.502,-12.939,18.860
-0.340,-0.001,0.675,2.930,-15.198,17.883
-0.354,0.021,0.712,1.587,-15.442,15.320
-0.361,0.035,0.739,0.122,-14.465,10.681
-0.361,0.027,0.752,-0.305,-13.855,6.104
-0.359,0.002,0.759,-1.404,-13.855,3.540
-0.349,-0.014,0.763,-2.258,-15.076,3.113
-0.343,-0.019,0.767,-1.526,-18.311,2.747
-0.347,-0.033,0.780,0.305,-22.095,2.258
-0.354,-0.054,0.797,1.099,-25.391,3.113
-0.349,-0.070,0.822,0.916,-28.503,5.798
-0.334,-0.064,0.860,1.831,-30.823,9.583
-0.347,-0.032,0.908,4.089,-31.433,11.475
-0.376,0.002,0.953,5.493,-29.663,10.376
-0.391,0.027,0.986,5.066,-26.123,7.568
-0.399,0.042,1.009,4.333,-21.240,3.845
-0.401,0.038,1.017,3.723,-15.991,-0.122
-0.391,0.011,1.012,3.723,-11.108,-2.441
-0.377,-0.024,1.001,4.700,-7.568,-2.319
-0.359,-0.050,0.991,4.883,-6.592,-0.183
-0.345,-0.063,0.983,4.211,-7.568,2.197
-0.349,-0.069,0.977,3.662,-9.277,4.089
-0.350,-0.070,0.978,2.380,-11.108,5.676
-0.336,-0.054,0.982,1.770,-13.000,7.263
-0.327,-0.018,0.996,4.578,-15.625,6.836
-0.348,0.003,1.021,8.728,-16.907,3.052
-0.371,-0.010,1.043,9.094,-15.015,-1.221
-0.376,-0.035,1.052,5.615,-10.742,-3.479
-0.371,-0.058,1.045,0.610,-6.348,-3.784
-0.356,-0.073,1.034,-2.441,-3.174,-2.808
-0.345,-0.083,1.023,-3.662,-0.977,-1.282
-0.341,-0.089,1.009,-4.822,0.000,0.854
-0.338,-0.094,0.994,-5.981,0.305,3.479
-0.328,-0.083,0.979,-6.775,-0.183,6.287
-0.318,-0.053,0.966,-4.944,-1.709,7.690
-0.325,-0.029,0.959,-0.549,-3.418,6.653
-0.336,-0.025,0.961,2.563,-4.089,4.700
-0.337,-0.038,0.962,3.052,-4.028,3.418
-0.333,-0.052,0.965,2.014,-3.540,2.930
-0.331,-0.055,0.971,0.061,-2.441,2.258
-0.333,-0.054,0.975,-1.770,-1.038,1.099
-0.330,-0.053,0.975,-2.808,0.671,-0.122
-0.323,-0.050,0.965,-2.441,1.770,-0.671
-0.313,-0.040,0.946,-0.793,1.160,-0.671
-0.310,-0.038,0.935,2.075,0.122,-1.526
-0.315,-0.043,0.937,3.906,0.183,-2.747
-0.323,-0.050,0.942,2.686,1.404,-4.272
-0.324,-0.051,0.948,-0.244,2.869,-5.554
-0.326,-0.042,0.952,-4.089,4.639,-7.324
-0.333,-0.038,0.946,-6.897,5.920,-9.644
-0.334,-0.044,0.933,-8.240,6.165,-10.742
-0.324,-0.055,0.921,-7.324,5.676,-9.766
-0.308,-0.068,0.908,-4.028,4.333,-7.141
-0.299,-0.080,0.894,1.099,1.709,-3.418
-0.299,-0.085,0.886,6.226,-1.770,0.610
-0.302,-0.081,0.888,9.583,-5.127,3.723
-0.305,-0.069,0.901,10.742,-7.629,5.127
-0.311,-0.052,0.922,9.583,-9.216,4.517
-0.320,-0.043,0.937,6.958,-10.010,2.747
-0.322,-0.043,0.949,3.723,-9.949,1.099
-0.320,-0.041,0.957,1.526,-8.972,0.061
-0.320,-0.036,0.962,1.282,-7.751,-1.038
-0.322,-0.038,0.965,2.319,-6.409,-2.014
-0.318,-0.046,0.964,4.211,-5.371,-1.892
-0.312,-0.051,0.964,5.493,-4.761,-0.916
-0.311,-0.054,0.962,5.371,-4.700,-0.366
-0.318,-0.062,0.958,3.296,-4.578,-0.671
-0.319,-0.072,0.953,0.427,-4.150,-0.916
-0.308,-0.076,0.948,-1.099,-3.906,-0.183
-0.296,-0.065,0.951,0.366,-4.089,1.099
-0.297,-0.049,0.965,4.578,-4.395,1.892
-0.308,-0.040,0.984,6.897,-3.906,2.136
-0.315,-0.039,0.994,5.310,-2.441,1.526
-0.317,-0.037,0.985,0.977,-0.916,-0.183
-0.316,-0.041,0.962,-3.357,-0.244,-2.563

1.190,0.423,1.326,179.077,-659.302,118.103
1.125,0.593,1.443,232.239,-637.634,109.436
1.066,0.737,1.556,252.869,-611.084,89.355
0.984,0.839,1.696,240.417,-583.923,52.002
0.849,0.875,1.879,215.210,-554.626,2.808
0.726,0.896,2.103,190.063,-512.817,-46.265
0.620,0.901,2.332,173.645,-456.787,-94.788
0.457,0.885,2.520,177.673,-385.254,-148.132
0.320,0.896,2.663,185.364,-296.570,-201.050
0.326,0.873,2.766,181.396,-204.773,-249.756
0.433,0.711,2.771,164.246,-122.314,-288.574
0.575,0.472,2.638,144.043,-50.232,-316.223
0.743,0.288,2.447,119.385,14.526,-334.778
0.910,0.124,2.224,78.430,70.923,-343.811
1.006,-0.120,1.957,32.959,113.281,-339.905
1.026,-0.370,1.698,5.615,142.639,-319.885
0.968,-0.492,1.514,1.892,164.551,-294.678
0.840,-0.464,1.454,13.550,184.265,-274.048
0.739,-0.317,1.505,18.860,203.613,-257.874
0.739,-0.184,1.522,0.671,225.586,-242.187
0.744,-0.189,1.417,-27.893,241.211,-219.849
0.682,-0.218,1.275,-40.833,249.207,-196.533
0.625,-0.183,1.189,-51.025,250.305,-181.763
0.554,-0.183,1.098,-58.838,240.662,-173.218
0.491,-0.224,1.002,-56.519,230.408,-156.311
0.451,-0.255,0.963,-47.546,222.107,-133.179
0.369,-0.267,0.936,-37.964,214.111,-107.483
0.277,-0.283,0.900,-30.640,205.627,-81.970
0.218,-0.291,0.861,-26.733,196.411,-57.373
0.198,-0.260,0.804,-26.917,184.692,-35.217
0.182,-0.211,0.720,-30.945,164.124,-17.029
0.130,-0.168,0.668,-31.128,138.367,-4.456
0.057,-0.122,0.675,-29.175,116.333,3.357
-0.023,-0.070,0.704,-32.410,99.854,9.033
-0.087,-0.024,0.731,-39.124,87.769,12.817
-0.133,0.016,0.746,-46.631,78.796,13.184
-0.161,0.063,0.742,-51.331,71.533,11.597
-0.164,0.130,0.725,-53.467,63.232,7.874
-0.177,0.181,0.698,-53.955,52.246,2.075
-0.206,0.184,0.684,-49.927,41.809,-3.113
-0.242,0.171,0.696,-44.067,35.278,-4.456
-0.276,0.167,0.712,-40.222,33.020,-2.319
-0.290,0.165,0.718,-35.278,31.860,-0.305
-0.291,0.168,0.723,-27.222,30.334,0.183
-0.292,0.173,0.734,-21.423,27.954,0.061
-0.300,0.178,0.738,-18.188,24.780,-0.366
-0.309,0.192,0.737,-16.418,20.752,-1.892
-0.315,0.204,0.736,-15.198,15.808,-5.737
-0.320,0.196,0.739,-14.282,10.132,-10.315
-0.317,0.166,0.749,-12.695,3.967,-13.000
-0.309,0.136,0.766,-10.742,-2.502,-13.184
-0.311,0.109,0.784,-8.850,-9.216,-11.719
-0.327,0.077,0.815,-7.019,-14.832,-9.094
-0.343,0.060,0.854,-6.042,-17.273,-5.920
-0.340,0.076,0.889,-5.859,-18.188,-3.479
-0.339,0.104,0.921,-5.310,-19.043,-3.418
-0.355,0.118,0.952,-3.906,-18.921,-5.676
-0.361,0.119,0.980,-2.686,-16.785,-8.545
-0.359,0.106,0.995,-2.258,-13.855,-10.559
-0.356,0.078,0.999,-1.465,-11.353,-10.986
-0.354,0.049,1.008,0.427,-8.606,-10.437
-0.353,0.024,1.024,1.465,-5.005,-8.850
-0.334,0.013,1.026,2.014,-2.563,-6.165
-0.323,0.012,1.022,4.578,-2.136,-3.540
-0.331,0.013,1.023,6.531,-1.953,-1.038
-0.340,0.026,1.018,6.592,-1.160,1.038
-0.348,0.038,1.009,5.371,-0.549,0.671
-0.346,0.036,1.004,4.150,-0.244,-1.282
-0.335,0.021,1.001,2.136,0.061,-3.052
-0.324,0.004,0.996,-0.427,-0.244,-3.845
-0.311,-0.008,0.985,-3.174,-1.099,-3.906
-0.303,-0.019,0.968,-5.371,-2.625,-3.174
-0.306,-0.030,0.954,-6.287,-4.517,-2.075
-0.311,-0.039,0.952,-6.531,-5.676,-0.732
-0.305,-0.032,0.957,-7.141,-6.287,0.977
-0.298,-0.017,0.961,-7.690,-7.141,1.587
-0.299,-0.006,0.966,-7.507,-7.812,1.221
-0.306,0.000,0.972,-7.385,-7.568,0.671
-0.316,-0.002,0.980,-7.141,-5.981,0.366
-0.324,-0.003,0.987,-6.348,-2.625,0.671
-0.320,0.000,0.985,-6.104,0.671,1.221
-0.309,0.006,0.974,-5.127,2.380,1.526
-0.304,0.011,0.964,-3.235,2.625,1.526
-0.302,0.016,0.960,-2.502,2.014,1.526
-0.298,0.023,0.955,-2.991,0.854,1.343
-0.302,0.026,0.947,-3.967,-0.732,0.977
-0.310,0.024,0.938,-5.432,-1.953,0.610
-0.307,0.021,0.934,-7.141,-2.563,0.183
-0.305,0.021,0.932,-8.240,-2.930,-0.488
-0.310,0.019,0.932,-9.338,-3.296,-1.282
-0.307,0.018,0.933,-9.888,-3.540,-1.404
-0.301,0.025,0.932,-9.583,-3.906,-0.977
-0.306,0.033,0.927,-8.118,-4.822,-1.038
-0.309,0.034,0.926,-6.104,-5.798,-1.465
-0.305,0.034,0.927,-3.967,-6.470,-1.709
-0.301,0.032,0.930,-0.977,-7.202,-1.831
-0.298,0.026,0.940,2.136,-7.690,-1.892
-0.296,0.024,0.950,3.418,-7.996,-1.648
-0.301,0.022,0.958,2.869,-8.240,-1.892
-0.312,0.021,0.968,1.587,-7.385,-2.563
-0.313,0.021,0.976,0.000,-5.920,-3.540
-0.306,0.016,0.979,-1.038,-5.005,-4.272
-0.298,0.008,0.981,-1.404,-4.272,-4.395
-0.289,-0.001,0.982,-0.977,-3.845,-4.272
-0.280,-0.009,0.983,-0.305,-3.662,-3.784
-0.275,-0.010,0.978,0.671,-3.906,-3.174
-0.284,-0.011,0.974,2.014,-5.005,-2.869
-0.296,-0.017,0.981,2.625,-5.493,-2.380
-0.300,-0.022,0.995,1.465,-4.333,-1.587
-0.301,-0.024,1.001,-1.099,-2.319,-0.610
-0.294,-0.022,0.999,-3.113,-0.427,0.122
-0.282,-0.009,0.992,-4.028,0.610,-0.061
-0.279,0.001,0.984,-4.333,0.305,-1.465
-0.285,-0.004,0.983,-4.028,-0.061,-2.930
-0.291,-0.015,0.985,-3.662,0.366,-3.052
-0.293,-0.026,0.985,-3.235,0.977,-2.136
-0.288,-0.033,0.986,-2.808,1.282,-0.427
-0.279,-0.022,0.984,-1.892,1.160,1.221
-0.277,-0.005,0.981,-1.404,0.366,0.793

